{
    "high_score": 10,
    "It is yellow and monkeys love it": "banana",
    "It is the king of the jungle": "lion",
    "It has black and white stripes": "zebra",
    "It is the fastest land animal": "cheetah",
    "It is a fruit that keeps the doctor away": "apple",
    "It is a tropical fruit with spiky skin": "pineapple",
    "It is a flightless bird found in Antarctica": "penguin",
    "It is a large mammal with a trunk": "elephant",
    "It is a reptile that changes its color": "chameleon",
    "It is a bird known for its colorful feathers": "peacock",
    "It is the national animal of China": "panda",
    "It is a sea creature with eight arms": "octopus",
    "It is a yellow citrus fruit": "lemon",
    "It is the largest mammal in the ocean": "whale",
    "It is an insect that makes honey": "bee",
    "It is an animal known for its long neck": "giraffe",
    "It is a large carnivore found in the Arctic": "polar bear",
    "It is a bird that cannot fly but swims very well": "penguin",
    "It is an animal known for carrying its house on its back": "turtle",
    "It is a nocturnal bird with excellent vision": "owl",
    "It is an animal with a pouch to carry its young": "kangaroo",
    "It is a farm animal that provides milk": "cow",
    "It is a fruit that is small, red, and sweet": "cherry",
    "It is a green vegetable used in salads": "lettuce",
    "It is a root vegetable that is orange": "carrot",
    "It is a fruit known for its many seeds": "watermelon",
    "It is a reptile with a hard shell": "tortoise",
    "It is a small rodent that loves cheese": "mouse",
    "It is a fruit that comes in bunches": "grape",
    "It is a small insect that can lift 50 times its weight": "ant",
    "It is a large fish known for its sharp teeth": "shark",
    "It is a cold place where polar bears live": "arctic",
    "It is a fruit that is sweet and has a pit": "peach",
    "It is a yellow fruit with a sour taste": "lemon",
    "It is an animal with black and orange stripes": "tiger",
    "It is a bird that can mimic human speech": "parrot",
    "It is a fruit that has a fuzzy skin": "kiwi",
    "It is a metal object used for opening bottles": "opener",
    "It is a machine that helps you fly": "airplane",
    "It is a place where you sleep at night": "bedroom",
    "It is a tool used for cutting paper": "scissors",
    "It is a fruit that is green on the outside and red on the inside": "watermelon",
    "It is a small round fruit that is purple or green": "grape",
    "It is a place where you go to learn": "school",
    "It is a tool used to write on paper": "pencil",
    "It is an animal known for its quills": "porcupine",
    "It is a small mammal that flies at night": "bat",
    "It is an object used to tell time": "clock",
    "It is a place where you go to see animals": "zoo",
    "It is a dessert made of milk and sugar": "icecream",
    "It is a fruit that is long and yellow": "banana",
    "It is a place with lots of sand and heat": "desert",
    "It is an animal that barks": "dog",
    "It is an animal that meows": "cat",
    "It is an animal known for spinning webs": "spider",
    "It is a fruit that is red and has seeds outside": "strawberry",
    "It is a type of tree that grows in cold places": "pine",
    "It is a vehicle with two wheels": "bicycle",
    "It is a planet known for its rings": "saturn",
    "It is a fruit that is yellow and sour": "lemon",
    "It is a fruit that is sweet and tropical": "mango",
    "It is a machine used to clean the floor": "vacuum",
    "It is an animal that lives in the ocean and has tentacles": "jellyfish",
    "It is a place where you can borrow books": "library",
    "It is a tool used to hit nails": "hammer",
    "It is a sport played with a bat and ball": "cricket",
    "It is a type of animal that lives in water and breathes through gills": "fish",
    "It is a venomous snake known for its hood": "cobra",
    "It is an extinct animal also called a saber-toothed cat": "smilodon",
    "It is a small marsupial found in Australia": "quokka",
    "It is a tree that produces acorns": "oak",
    "It is the longest river in the world": "nile",
    "It is a gemstone formed from carbon": "diamond",
    "It is a desert where camels are often found": "sahara",
    "It is a constellation also known as The Hunter": "orion",
    "It is a soft fabric made from silkworms": "silk",
    "It is a Japanese dish with raw fish": "sushi",
    "It is the smallest planet in the solar system": "mercury",
    "It is a spice derived from dried flower stigmas": "saffron",
    "It is a musical instrument with strings and a bow": "violin",
    "It is the process of water turning into vapor": "evaporation",
    "It is an ancient structure found in Egypt": "pyramid",
    "It is a deep-sea creature with glowing parts": "anglerfish",
    "It is a type of tree that sheds its leaves annually": "deciduous",
    "It is a science of studying the stars and planets": "astronomy",
    "It is a unit of measurement equal to 1,000 meters": "kilometer",
    "It is the largest bird in the world": "ostrich",
    "It is a mythical creature with a lion's body and eagle's head": "griffin",
    "It is a tool used by archaeologists to dig": "trowel",
    "It is the layer of gases surrounding Earth": "atmosphere",
    "It is the chemical symbol for gold": "au",
    "It is the phenomenon where light bends in water": "refraction",
    "It is a large sea mammal that sings underwater": "humpback",
    "It is a famous painting by Leonardo da Vinci": "monalisa",
    "It is a Scandinavian country with fjords": "norway",
    "It is the study of life and living organisms": "biology",
    "It is a sport played on ice with sticks and a puck": "hockey",
    "It is a tool used for measuring angles": "protractor",
    "It is a small island nation in the Pacific Ocean": "palau",
    "It is a large, wingless bird native to New Zealand": "kiwi",
    "It is a material used to make glass": "silica",
    "It is a cold and dry biome with permafrost": "tundra",
    "It is a Roman god of war": "mars",
    "It is a large carnivorous plant": "venusflytrap",
    "It is a precious blue gemstone": "sapphire",
    "It is a fictional city where Batman lives": "gotham",
    "It is the branch of math dealing with shapes and space": "geometry",
    "It is an underwater mountain formed by volcanic activity": "seamount",
    "It is a strong windstorm that occurs over the ocean": "hurricane",
    "It is a traditional Korean fermented vegetable dish": "kimchi",
    "It is a long poem about heroic deeds": "epic",
    "It is a protein found in wheat that gives bread elasticity": "gluten",
    "It is a device used to detect earthquakes": "seismograph",
    "It is a painting technique that uses tiny dots of color": "pointillism",
    "It is the scientific name for the human species": "homo sapiens",
    "It is a famous ancient library in Egypt": "alexandria",
    "It is the practice of growing plants without soil": "hydroponics",
    "It is the force that opposes motion": "friction",
    "It is the tallest mountain in the world": "everest",
    "It is a precious red gemstone": "ruby",
    "It is the largest desert in the world": "sahara",
    "It is the main gas found in Earth's atmosphere": "nitrogen",
    "It is the largest rainforest in the world": "amazon",
    "It is the process of plants making their own food": "photosynthesis",
    "It is the Greek god of the sea": "poseidon",
    "It is a city known as the Big Apple": "newyork",
    "It is a type of rock formed from cooled lava": "basalt",
    "It is a planet known for its red appearance": "mars",
    "It is the currency used in Japan": "yen",
    "It is the largest island in the world": "greenland",
    "It is a country shaped like a boot": "italy",
    "It is the study of human societies and cultures": "anthropology",
    "It is the scientific study of earthquakes": "seismology",
    "It is a famous equation by Einstein": "emc2",
    "It is the process where animals sleep during winter": "hibernation",
    "It is the first artificial satellite launched into space": "sputnik",
    "It is the fastest bird in the world": "peregrine",
    "It is the smallest bone in the human body": "stapes",
    "It is the deepest part of the ocean": "mariana",
    "It is a chemical element with the symbol O": "oxygen",
    "It is the fear of spiders": "arachnophobia",
    "It is the freezing point of water in Celsius": "zero",
    "It is the capital city of France": "paris",
    "It is a person who studies fossils": "paleontologist",
    "It is the smallest unit of life": "cell",
    "It is a star at the center of our solar system": "sun",
    "It is a large reptile found in swamps and rivers": "alligator",
    "It is the Italian city famous for canals": "venice",
    "It is a chemical used to preserve food": "salt",
    "It is the organ responsible for pumping blood": "heart",
    "It is the Greek god of the underworld": "hades",
    "It is a word that reads the same backward as forward": "palindrome",
    "It is a system of writing used by ancient Egyptians": "hieroglyphs",
    "It is a small celestial body that orbits a planet": "moon",
    "It is a fruit that is small and green with a tart taste": "lime",
    "It is a string instrument larger than a violin": "cello",
    "It is a continent where the Sahara Desert is located": "africa",
    "It is the smallest country in the world": "vatican",
    "It is a device used to measure temperature": "thermometer",
    "It is a unit of time equal to 1/60 of a minute": "second",
    "It is the first book of the Bible": "genesis",
    "It is the force that pulls objects toward Earth": "gravity",
    "It is a famous painting by Van Gogh": "starrynight",
    "It is the body system responsible for breathing": "respiratory",
    "It is a state of matter that has no fixed shape": "gas",
    "It is the study of the structure of the human body": "anatomy",
    "It is a natural satellite of Earth": "moon",
    "It is a mythical creature that breathes fire": "dragon",
    "It is a musical instrument played with keys": "piano",
    "It is the fastest-growing plant in the world": "bamboo",
    "It is a layer of Earth that contains molten rock": "mantle",
    "It is a device used to magnify small objects": "microscope",
    "It is the largest ocean in the world": "pacific",
    "It is a planet famous for its beautiful rings": "saturn",
    "It is the process of liquid water turning into gas": "evaporation",
    "It is a tool used by carpenters to smooth wood": "planer",
    "It is the hardest natural substance on Earth": "diamond",
    "It is a type of tree that produces maple syrup": "maple",
    "It is a city famous for the Eiffel Tower": "paris",
    "It is a structure that connects two places over water": "bridge",
    "It is the study of living things in water": "marinebiology",
    "It is a mythical horse with a horn on its head": "unicorn",
    "It is the process of animals adapting to their environment": "evolution",
    "It is a Roman god known for love and beauty": "venus",
    "It is the branch of science that deals with matter and energy": "physics",
    "It is a flightless bird native to Africa": "ostrich",
    "It is a system of the body that fights diseases": "immune",
    "It is the author of 'Romeo and Juliet'": "shakespeare",
    "It is a sport played on a court with a net and a ball": "tennis",
    "It is the process of ice turning into water": "melting",
    "It is the largest river in South America": "amazon",
    "It is a famous fictional detective created by Arthur Conan Doyle": "sherlock",
    "It is the capital city of Japan": "tokyo",
    "It is the hardest bone in the human body": "jawbone",
    "It is a fruit known for its bright orange color": "orange",
    "It is the main ingredient in guacamole": "avocado",
    "It is a body part that helps humans hear": "ear",
    "It is the world's most spoken language by native speakers": "mandarin",
    "It is a famous tourist destination in India": "tajmahal",
    "It is the planet known as the Evening Star": "venus",
    "It is the only bird capable of hovering in place": "hummingbird",
    "It is a structure that protects your brain": "skull",
    "It is the currency used in the United States": "dollar",
    "It is a historical ship that sank in 1912": "titanic",
    "It is the art of folding paper into shapes": "origami",
    "It is the smallest continent in the world": "australia",
    "It is a famous wonder of the ancient world located in Greece": "colossus",
    "It is the process of a caterpillar becoming a butterfly": "metamorphosis",
    "It is a city that hosts the Colosseum": "rome",
    "It is a chemical element with the symbol Fe": "iron",
    "It is the only mammal capable of true flight": "bat",
    "It is the world's tallest animal": "giraffe",
    "It is a mythical bird that rises from its ashes": "phoenix",
    "It is a type of cloud that is fluffy and white": "cumulus",
    "It is the largest land carnivore": "polar bear",
    "It is the study of stars and celestial bodies": "astronomy",
    "It is the fear of heights": "acrophobia",
    "It is the deepest lake in the world": "baikal",
    "It is the capital of Canada": "ottawa",
    "It is a traditional Japanese garment": "kimono",
    "It is the smallest planet in our solar system": "mercury",
    "It is a literary genre about futuristic technology": "sci-fi",
    "It is the world's largest coral reef system": "great barrier reef",
    "It is a type of ship used by Vikings": "longship",
    "It is a Greek hero who fought in the Trojan War": "achilles",
    "It is a city famous for its Golden Gate Bridge": "san francisco",
    "It is a food spread made from roasted peanuts": "peanut butter",
    "It is a metal liquid at room temperature": "mercury",
    "It is the smallest particle of an element": "atom",
    "It is the process of water traveling through plants": "transpiration",
    "It is a three-dimensional shape with six equal sides": "cube",
    "It is a tool used to measure weight": "scale",
    "It is the opposite of day": "night",
    "It is a fictional wizard with a lightning scar": "harry potter",
    "It is a unit of length equal to 1,000 meters": "kilometer",
    "It is the hottest planet in the solar system": "venus",
    "It is the author of 'The Great Gatsby'": "fitzgerald",
    "It is the process by which plants release oxygen": "photosynthesis",
    "It is the organ where digestion begins": "stomach",
    "It is a musical instrument with strings played with a bow": "violin",
    "It is a liquid metal used in thermometers": "mercury",
    "It is a nocturnal flying mammal": "bat",
    "It is a famous tower in Paris": "eiffel",
    "It is the substance making up the rings of Saturn": "ice",
    "It is a movie about toys that come to life": "toy story",
    "It is a large cat with a mane": "lion",
    "It is the largest planet in our solar system": "jupiter",
    "It is a tool used to drive nails into wood": "hammer",
    "It is a famous Greek epic poem by Homer": "odyssey",
    "It is a large, flightless bird native to Australia": "emu",
    "It is the capital of South Korea": "seoul",
    "It is a geometric shape with three sides": "triangle",
    "It is a painting technique using watercolors": "aquarelle",
    "It is the process of making honey by bees": "nectar collection",
    "It is a device used to store digital files": "hard drive",
    "It is a famous Shakespearean tragedy about a prince": "hamlet",
    "It is a game where players build structures with blocks": "minecraft",
    "It is the study of weather patterns": "meteorology",
    "It is a stringed instrument with a hollow body": "guitar",
    "It is a mythical creature that turns things to gold": "midas",
    "It is a famous wizarding school in Scotland": "hogwarts",
    "It is a type of light bulb invented by Edison": "incandescent",
    "It is the fear of small spaces": "claustrophobia",
    "It is the world's fastest land animal": "cheetah",
    "It is the capital of Egypt": "cairo",
    "It is a novel by George Orwell about a dystopian society": "1984",
    "It is the process of breaking down food in the body": "digestion",
    "It is a puzzle game featuring falling blocks": "tetris",
    "It is the organ responsible for filtering blood": "kidney",
    "It is a Roman numeral representing 100": "c",
    "It is a famous painting of a woman with a mysterious smile": "mona lisa",
    "It is a type of chemical bond formed by sharing electrons": "covalent",
    "It is the fear of public speaking": "glossophobia",
    "It is the smallest continent by land area": "australia",
    "It is the world's longest river": "nile",
    "It is the study of the Earth's physical features": "geography",
    "It is a sport played with a puck on ice": "hockey",
    "It is the Greek goddess of wisdom": "athena",
    "It is a constellation shaped like a hunter": "orion",
    "It is the organ responsible for producing insulin": "pancreas",
    "It is a language spoken in Brazil": "portuguese",
    "It is a celestial body made of ice and dust": "comet",
    "It is the study of the past": "history",
    "It is a food item made by bees": "honey",
    "It is a famous fairy tale about a girl with glass slippers": "cinderella",
    "It is a gas that animals need to breathe": "oxygen",
    "It is the name of Sherlock Holmes' assistant": "watson",
    "It is the study of matter and its properties": "chemistry",
    "It is a type of bird that mimics sounds": "parrot",
    "It is the world's most famous clock tower": "big ben",
    "It is the process of heat transfer through direct contact": "conduction",
    "It is the main character in 'The Hobbit'": "bilbo",
    "It is a country famous for its maple leaves": "canada",
    "It is a sea creature with eight tentacles": "octopus",
    "It is the author of 'Pride and Prejudice'": "austen",
    "It is a field of study focusing on numbers and calculations": "mathematics",
    "It is the force that resists motion between surfaces": "friction",
    "It is a shape with four equal sides": "square",
    "It is a fruit known for its spiky skin and sweet interior": "pineapple",
    "It is a famous landmark in Egypt": "pyramids",
    "It is the second-largest continent by land area": "africa",
    "It is a sport played with a racket and a shuttlecock": "badminton",
    "It is a Roman numeral representing 50": "l",
    "It is a fictional land in 'The Chronicles of Narnia'": "narnia",
    "It is the process of plants losing water through leaves": "transpiration",
    "It is a type of triangle with all sides equal": "equilateral",
    "It is a nocturnal bird known for its hoot": "owl",
    "It is the fear of snakes": "ophidiophobia",
    "It is a sweetener made from sugarcane": "syrup",
    "It is a tool used to draw circles": "compass",
    "It is the study of rocks": "geology",
    "It is a book by J.R.R. Tolkien about a magical ring": "lotr",
    "It is the process of turning gas into liquid": "condensation",
    "It is a famous structure in India made of white marble": "taj mahal",
    "It is a natural disaster caused by tectonic plate movement": "earthquake",
    "It is a type of energy stored in bonds of atoms": "chemical energy",
    "It is a flat, wingless insect that feeds on blood": "bedbug",
    "It is a legendary king who pulled a sword from a stone": "arthur",
    "It is a musical instrument played by blowing into reeds": "harmonica",
    "It is a city known for the Taj Mahal": "agra",
    "It is the process by which glaciers move": "glaciation",
    "It is a country famous for tulips and windmills": "netherlands",
    "It is the first element in the periodic table": "hydrogen",
    "It is the study of ancient human artifacts": "archaeology",
    "It is the second largest planet in the solar system": "saturn",
    "It is a literary genre involving crime and mystery": "detective",
    "It is a protein-rich food made from soybeans": "tofu",
    "It is a country where the Great Wall is located": "china",
    "It is a famous detective created by Arthur Conan Doyle": "sherlock holmes",
    "It is a constellation shaped like a big bear": "ursa major",
    "It is the only continent with kangaroos": "australia",
    "It is a fictional detective who loves logic and bees": "mycroft",
    "It is a famous car company from Italy": "ferrari",
    "It is a Greek mythological figure who flew too close to the sun": "icarus",
    "It is a fruit that is also a color": "orange",
    "It is a planet with a prominent ring system": "saturn",
    "It is a body of water larger than a lake": "ocean",
    "It is a language used in ancient Rome": "latin",
    "It is the force that attracts objects towards the earth": "gravity",
    "It is a bird famous for its ability to mimic sounds": "myna",
    "It is a machine that converts wind energy into electricity": "wind turbine",
    "It is a country known for the Eiffel Tower": "france",
    "It is a famous wizard who fights a dark lord": "harry potter",
    "It is a small rodent often kept as a pet": "hamster",
    "It is a famous dish made of raw fish and rice": "sushi",
    "It is the capital city of Germany": "berlin",
    "It is a chemical that gives plants their green color": "chlorophyll",
    "It is a type of poem with 14 lines": "sonnet",
    "It is a creature in Greek mythology with snakes for hair": "medusa",
    "It is a dance form originating from Argentina": "tango",
    "It is the study of sound and vibration": "acoustics",
    "It is the author of 'Moby-Dick'": "melville",
    "It is a powerful telescope orbiting Earth": "hubble",
    "It is the process by which ice turns directly into vapor": "sublimation",
    "It is the fear of the number thirteen": "triskaidekaphobia",
    "It is a type of tree that produces acorns": "oak",
    "It is a traditional Spanish rice dish": "paella",
    "It is the fear of confined spaces": "claustrophobia",
    "It is a bird known for its laugh-like call": "kookaburra",
    "It is the main component of Earth's atmosphere": "nitrogen",
    "It is the study of the universe beyond Earth": "astronomy",
    "It is a genre of music originating in Jamaica": "reggae",
    "It is a book about a dystopian future by Ray Bradbury": "fahrenheit 451",
    "It is the process of plants creating their food": "photosynthesis",
    "It is the name of the Greek god of the sea": "poseidon",
    "It is a famous spacecraft that landed on the moon": "apollo",
    "It is the study of fungi": "mycology",
    "It is a precious stone formed from fossilized tree resin": "amber",
    "It is the tallest bird in the world": "ostrich",
    "It is a language spoken in South America": "spanish",
    "It is a star at the center of the solar system": "sun",
    "It is the chemical element with the symbol 'O'": "oxygen",
    "It is the author of 'The Catcher in the Rye'": "salinger",
    "It is the largest animal to have ever lived": "blue whale",
    "It is a famous Greek epic about the Trojan War": "iliad",
    "It is a fruit with a crown and spiky skin": "pineapple",
    "It is the capital of Italy": "rome",
    "It is a traditional art of folding paper": "origami",
    "It is a musical instrument you blow into": "trumpet",
    "It is a country famous for its pyramids": "egypt",
    "It is a mythical creature that guards treasure": "dragon",
    "It is the process of animals moving to different regions": "migration",
    "It is a gemstone known for its deep red color": "ruby",
    "It is the study of weather and climate": "meteorology",
    "It is the capital of Brazil": "brasilia",
    "It is a disease caused by lack of Vitamin C": "scurvy",
    "It is a famous dessert made of layered pastry": "croissant",
    "It is a country known for maple syrup": "canada",
    "It is a shape with eight sides": "octagon",
    "It is the largest type of bear": "polar bear",
    "It is the capital city of Russia": "moscow",
    "It is a famous tower that leans": "pisa",
    "It is a famous theme park in Florida": "disney world",
    "It is a large reptile that lives in water": "crocodile",
    "It is a sweet substance made by bees": "honey",
    "It is a fictional character who lives in a pineapple": "spongebob",
    "It is a famous wizarding school": "hogwarts",
    "It is a traditional Swiss dish made of melted cheese": "fondue",
    "It is a number system using only 0s and 1s": "binary",
    "It is the capital city of Australia": "canberra",
    "It is the process by which water turns to vapor": "evaporation",
    "It is a famous mountain range in Asia": "himalayas",
    "It is a game played on a board with black and white squares": "chess",
    "It is the longest river in South America": "amazon",
    "It is a bird known for its beautiful singing voice": "nightingale",
    "It is a device used to tell time": "clock",
    "It is a gas used to inflate balloons": "helium",
    "It is a type of energy stored in food": "chemical energy",
    "It is the fear of open spaces": "agoraphobia"
}